leaning,tweet
liberal,"RT @GeoffRBennett: Wow. Included in Twitter‚Äôs statement, explaining why it banned Trump: ‚ÄúPlans for future armed protests have already begu‚Ä¶"
liberal,@GrimKim Swaths of rioters were staying at DC hotels that go for hundreds a night.
liberal,RT @TwitterSafety: After close review of recent Tweets from the @realDonaldTrump account and the context around them we have permanently su‚Ä¶
liberal,Good to see this development from @Apple. @GooglePlay what are you going to do about apps being used to organize violence on your platform? https://t.co/wWVSERcRSH
liberal,What are @Apple and @GooglePlay doing about this? https://t.co/Upb2BxZOQZ
liberal,RT @mkraju: Sen. Wyden becomes second Dem to call on Cruz and Hawley to resign. ‚ÄúThere must be consequences for senators who would foment a‚Ä¶
liberal,RT @MacFarlaneNews: US Justice Dept says it has NO indication Antifa played any role in Wednesday chaos at US Capitol
liberal,"I am calling on Congress and currently working on measures to extend resources, healthcare, counseling, and hazard pay to all Capitol custodial, food service, and support staff after Wednesday‚Äôs attack.

Everyone who was there needs support."
liberal,"RT @kylegriffin1: Reps. Pressley, Tlaib, Bowman, Bush, Ocasio-Cortez, and Omar have sent a letter to Congressional leadership urging them t‚Ä¶"
liberal,"RT @burgessev: !!!! Sen. Murray, No. 3 Senate Democrat: ""Any Senator who stands up and supports the power of force over the power of democr‚Ä¶"
liberal,"RT @therecount: Impeachment, it's not just Democrats. 

Sen. Ben Sasse (R-NE) says if the House pursues impeachment he will ‚Äúdefinitely con‚Ä¶"
liberal,"To my GOP colleagues: know that this President incited an insurrection against and incited his mob to find, harm, and possibly kill not just Democrats, but you, too.

He *will* allow opportunities of physical harm against you if you aren‚Äôt sufficiently loyal to him. Remove him."
liberal,"‚ÄúMove on?‚Äù

‚ÄúMoving on‚Äù does not mean ‚Äúforget about it,‚Äù @LindseyGrahamSC.

‚ÄúMoving on‚Äù requires accountability.

Attacking our nation without recourse or responsibility isn‚Äôt ‚Äúmoving on.‚Äù A Capitol Police officer just died. Why are you defending this? https://t.co/yTjh6ikNJs"
liberal,RT @BetoORourke: This is on you. Resign.
liberal,"RT @AyannaPressley: Don‚Äôt call these cabinet resignations anything but a Profile in Cowardice.

They‚Äôre resigning to avoid invoking the 25t‚Ä¶"
liberal,"RT @ilyseh: !!!!! ""Facebook‚Äôs own research revealed that 64 percent of the time a person joins an extremist Facebook Group, they do so beca‚Ä¶"
liberal,"RT @AlexThomp: Sen. Coons, considered one of Biden's best ambassadors w/ GOP Senators, calls on Hawley and Cruz to step down @marianne_levi‚Ä¶"
liberal,"You fist-pumped insurrectionists and baselessly attacked our elections. Your actions fueled a riot and you fundraised in the chaos. Five people are dead.

Even your GOP colleagues have distanced from your acts.

Yet here you are crying over a book deal. You should be expelled. https://t.co/9Xn8T9vol4"
liberal,"RT @kyledcheney: This is really hard to fathom:

LOFGREN says the chief of the Capitol Police was ""not truthful with me"" about whether the‚Ä¶"
liberal,"RT @JonLemire: Three days before the pro-Trump riot at the Capitol, the Pentagon asked the U.S Capitol Police if it needed National Guard m‚Ä¶"
liberal,"Trump and his team are trying to cover their actions yesterday and avoid being identified for inciting an attack on Congress.

He is a clear + present danger as long as he is in office. Reports are indicating that he is unwell and getting worse. He must be removed from office."
liberal,"Trump did NOT immediately send out the National Guard.

No initial presence. Clashes began ~1:20pm. The breach happened (roughly) around 2/2:30. Around 3:38pm, DC council tweeted their request for National Guard was DENIED.

When NG was approved, Trump wasn‚Äôt cited in decision. https://t.co/xYqnxY5zIF https://t.co/SD5vwO1Ory"
liberal,RT @JulianCastro: Ted Cruz‚Äôs lies helped fuel a mob of domestic terrorists to overtake the U.S. Capitol. And then he fundraised off of it.‚Ä¶
liberal,Resign.
liberal,"Your complete refusal to acknowledge any of the above harm, wrongdoing, or even misjudgement; &amp; your lack of any self-reflection in how these acts contributed to yesterday‚Äôs chaos is alarming. It is unbecoming of any elected official and makes you unfit for the office you occupy."
liberal,"Oh - you‚Äôre accusing me of lying?

Isn‚Äôt this you? Your campaign sent out this fundraising message as people were sieging the Capitol. You claimed to be ‚Äúleading the fight to reject electors.‚Äù

Clashes started around 1:20pm. This message was sent after the Capitol was breached. https://t.co/qb56RxcfSy https://t.co/oAf16aHktc"
liberal,"RT @kyledcheney: Rep. LOFGREN, who chairs the House Administration Committee, says the Capitol Police chief incorrectly told her that the N‚Ä¶"
liberal,"RT @RepMcGovern: Is this a joke? You do not stand with the people. If you stood with the people, you would tell them the truth instead of l‚Ä¶"
liberal,@ryangrim @RepMaxineWaters This is exactly what was told to my team when we reached out days prior to the attack. Practically verbatim.
liberal,"At this late a stage, resignations help little beyond serving as late attempts at self-preservation.

If Sec. Chao objects to yesterday‚Äôs events this deeply, she should be working the Cabinet to invoke the 25th amendment - not abdicating the seat that allows her to do so. https://t.co/pUEaL04Wwf"
liberal,"Sen. Cruz, you must accept responsibility for how your craven, self-serving actions contributed to the deaths of four people yesterday. And how you fundraised off this riot.

Both you and Senator Hawley must resign. If you do not, the Senate should move for your expulsion. https://t.co/O2m6T59LYP"
liberal,"You can see further here.  Either way, we do not have the luxury of time. https://t.co/E1yHqMHf7W"
liberal,"Articles of impeachment have already been drafted and are ready for introduction. They were prepared and finalized by @IlhanMN while she was extracted in a secure location, and members are signing on. https://t.co/FJCpmp64OV"
liberal,"If the 25th amendment is not invoked today, Congress must reconvene immediately for impeachment and removal proceedings."
liberal,"Additionally, Congress must pass @RepCori‚Äôs resolution to investigate for sanction and expulsion any member of Congress who helped incite this attack on our nation. https://t.co/0mCNm590Uo"
liberal,"Our republic is in great danger, and it is imperiled further without swift action to protect it.

The President incited an attack on Congress. He is deeply unstable. The Cabinet must invoke the 25th amendment.

Congress must also pursue impeachment and removal of the President."
liberal,RT @mkraju: First Hill Republican to call for the 25th Amendment
liberal,@UptownBronxDSA @RepAOC @JamaalBowmanNY @RepEspaillat @RitchieTorres Already on it.
liberal,"RT @tedlieu: Let me be very clear: if all we do is accept the certified Electoral College results and go home, we would have failed our cou‚Ä¶"
liberal,RT @RepCori: I believe the Republican members of Congress who have incited this domestic terror attack through their attempts to overturn t‚Ä¶
liberal,RT @JoaquinCastrotx: Senators @TedCruz and @HawleyMO should immediately resign.
liberal,Impeach.
liberal,Sorry for the earlier comma typo. It‚Äôs been a day.
liberal,"Was barricaded in for several hours. I‚Äôll tell y‚Äôall about it later.

For now, we must focus on task at hand: to preserve the integrity of our democracy, hold accountable those responsible for their attempts to subvert our nation‚Äôs elections and shred our Constitution apart."
liberal,I‚Äôm okay.
liberal,"RT @AyannaPressley: The movement met the moment.

The movement to end cash bail. 
The movement to abolish ICE. 
The movement for housing ju‚Ä¶"
liberal,"¬°Feliz D√≠a de Reyes! üëë üëë üëë 
Trajeron al pa√≠s dos asientos y el senado üòâ"
liberal,"And @GovRicketts if the reporting about denying vaccine access to undocumented workers is ‚Äúfake news,‚Äù I am happy to be corrected by you publicly stating that all undocumented Nebraskans, including meatpacking workers, will have access to the vaccine. Thank you! ‚ò∫Ô∏è"
liberal,"Given that I want EVERY Nebraskan to have vaccine access, including *every* meatpacker and not just *some*, I think I care about more Nebraskans than even Ricketts does. https://t.co/laHIhGnrfy"
liberal,"Hello! ‚òÄÔ∏è
It‚Äôs a new day!

Who‚Äôs ready to PUSH? üôãüèΩ‚Äç‚ôÄÔ∏èüôãüèæüôãüèº‚Äç‚ôÇÔ∏è

Ready to PUSH for retroactive COVID relief? üí∏
And to PUSH for student loan cancellation?üéì
For climate justice? üåé
Healthcare? ‚õë
Voting rights? üó≥
Ending the death penalty?üë©üèΩ‚Äç‚öñÔ∏è

What policies do you most want to PUSH for? ‚§µÔ∏è"
liberal,Good morning üåû
liberal,"RT @RepJayapal: VICTORY in Georgia must lead to transformative change across America!

Recurring survival checks, union jobs that pay a liv‚Ä¶"
liberal,"RT @staceyabrams: With new votes joining the tally, we are on a strong path. But even while we wait for more, let‚Äôs celebrate the extraordi‚Ä¶"
liberal,"Two additional ways to thank them:
1. Send a small donation their way üí∏ 

2. Go down the list &amp; follow their accounts. Listen + learn from them and amplify them in the off-season, when your backing means a lot and goes a long way.

 https://t.co/IU8jmGFI1D"
liberal,Thank an organizer. https://t.co/BgOvAGegcW
liberal,"If you can, please thank the tireless work of GA organizers tonight by sending a donation their way &amp;/or following them.

Their nonstop work isn‚Äôt just for campaign season. It‚Äôs 24/7 for communities.

We‚Äôve set up a split donation here (100% goes to them): https://t.co/BgOvAGegcW https://t.co/9j8CNQytuK"
liberal,"Thank you üôèüèΩ @BMVProject 
Thank you üôèüèΩ @GAMVP"
liberal,Thank you üôèüèΩ @BlackVotersMtr
liberal,"Thank you üôèüèΩ@NewGAProject 
Thank you üôèüèΩ @fairfightaction
Thank you üôèüèΩ@ConMijente
Thank you üôèüèΩ@GALEOorg
Thank you üôèüèΩ@AsianAAF
Thank you üôèüèΩ@songpowerc4

Thank you to ALL the people and grassroots organizations doing the thankless, often-overlooked, mission-critical work of change."
liberal,Thank an organizer.
liberal,@itsbecrose Me too
liberal,@JRossQNZ Haha I can make a few calls! Are there any intersections or areas that you think are particularly sparse?
liberal,"Thanks, Ro! :) https://t.co/BOSsS13DTR"
liberal,"@tylerahazard @AkilahObviously Last year our investigations brought certain Rx drugs generic early bc we exposed that the patent actually belonged to the public

We also went after + gotüí∞from military contractors (@RoKhanna led that one!) &amp; exposed Trump tax.

That was w/ waived status. Now we can turn it up."
liberal,"@tylerahazard @AkilahObviously I was a ‚Äúwaived‚Äù on instead of a full ‚Äúprimary‚Äù members. Waived members can be cut &amp; do not accrue seniority standing, among other factors.

We are now full primary members. That means we are locked in and accrue standing, which allows us to better lead &amp; launch investigations."
liberal,"RT @GeoffRBennett: INBOX: Pelosi announces additional committee assignments for 117th Congress

Oversight and Reform Committee:
Congresswom‚Ä¶"
liberal,üòäüòäüòäüòä https://t.co/HNjPM6SGua
liberal,Imagine being so racist that you go out of your way to ensure that the people who prepare *your* food are unvaccinated. https://t.co/QtWoJ6XG72
liberal,"RT @JamaalBowmanNY: It‚Äôs my turn to get the COVID vaccination today and at first, I was nervous. We know America‚Äôs history of medical explo‚Ä¶"
liberal,"RT @Marie4Congress: This virus does not see or care about nationality, borders, or religion ‚Äî its devastating impact is everywhere. The Net‚Ä¶"
liberal,"RT @votejgr: üì£ Last week NY passed the COVID-19 Emergency Eviction &amp; Foreclosure Prevention Act üì£

You can complete a hardship form to prot‚Ä¶"
liberal,"RT @staceyabrams: GEORGIA: Watch and Share!

I am counting on YOU to vote today between 7AM and 7PM. Your votes are critical to elect @osso‚Ä¶"
liberal,"Wow: ConMijente has contacted EVERY Latino voter in GA! ‚òéÔ∏è

We‚Äôve been telling y‚Äôall: @ConMijente no juegan. This is the power of organizing, and why we‚Äôve been proud to support them along w/ @NewGAProject, @fairfightaction &amp; many others.

GEORGIA: tomorrow‚Äôs the day!
VOTE üó≥ https://t.co/A0aRXQrFpZ"
liberal,"Tommy was an incredible, remarkable man.

Thank you @RepRaskin and Sarah Raskin for this beautiful and deeply loving tribute, and for sharing it with the world. https://t.co/C7onRwBHYI"
liberal,"RT @JohnJHarwood: Susan Collins, rationalizing her vote to clear Trump of impeachment charges last year, said he‚Äôd learned ‚Äúa pretty big le‚Ä¶"
liberal,"RT @abbydphillip: It's wild that this is being said out loud, but there is some truth to the fact that consistently losing the popular vote‚Ä¶"
liberal,"RT @SenSchumer: Hey @SenTedCruz and his gang:

You want to investigate election fraud? Start with this:"
liberal,"RT @AlphabetWorkers: We're Alphabet workers. We‚Äôve been organizing for over a year, &amp; we‚Äôre finally ready to share why.
 
This morning, we'‚Ä¶"
liberal,"RT @RossBarkan: The Senate should repeal the Faircloth Amendment, following the lead of @AOC and others. For @nytopinion, I explained why t‚Ä¶"
liberal,"Mahalo to you and your little ones for teaching us some Hawaiian words, @kaikahele!

Felicidades to you and your beautiful family on this momentous and historic day. https://t.co/8gvtgbBo9n"
liberal,"Two years ago, I walked my family to the Capitol steps and bussed down community from the Bronx &amp; Queens as I was sworn in for the first time as a member of Congress.

I so wish you all could have been here today, but thankfully you sent another kind of family :)

Let‚Äôs do thisüíú https://t.co/EEvFqCd9PS"
liberal,"RT @staceyabrams: Georgians: I know it‚Äôs tempting, but let‚Äôs not allow ourselves to be distracted today (or tomorrow or Tuesday). Let‚Äôs use‚Ä¶"
liberal,"RT @CoriBush: I‚Äôve survived sexual assault, police abuse, domestic violence, and being unhoused and uninsured. That's not a unique pain I c‚Ä¶"
liberal,"RT @washingtonpost: Exclusive | ""I just want to find 11,780 votes"": In extraordinary hour-long call, Trump pressures Georgia secretary of s‚Ä¶"
liberal,Let‚Äôs go! üí™üèΩüí™üèΩüí™üèΩ https://t.co/24ZLM8Expv
liberal,"On the eve of the 117th Congress, I want to thank the Bronx &amp; Queens for entrusting me with the sacred responsibility of advancing a better world in House, and recognize the relentless work and dedication of the organizers who made this day happen.

Remember: You are the answer. https://t.co/fx3OtMqreU"
liberal,"RT @BernieSanders: It is a sad and tragic day for our country that 140 members of the House of Representatives, 13 senators and a defeated‚Ä¶"
liberal,"Thank you for your years of admirable service and advocacy for the Bronx, @RepJoseSerrano. I will miss our chats about the Bronx and Boricua history on the House floor. Thank you for paving the way. üáµüá∑ https://t.co/NowN8YBXTa"
liberal,"These Senators are engaged in a selfish attempt to shred our Constitution and dismantle our democracy. In doing so, they are also baselessly challenging the same ballots sending them to Congress.

It is pathetic, and yet the precedent they are setting is incredibly dangerous. https://t.co/idPr8r0gHF"
liberal,"RT @propublica: Without listing the property publicly, Sen. Perdue sold his D.C. house for $1.8 million to a board governor of FINRA, a fin‚Ä¶"
liberal,"A little flashback for ya ‚ö°Ô∏è this tweet is from my 1st day in Congress.

Wild day 1 expectations aside, let‚Äôs update w/ how things panned out:

‚úÖ House Climate Select Committee created
‚úÖ Co-chaired Biden Climate Task Force that upgraded üåé policy
‚úÖ PAYGO is getting demoted

‚ò∫Ô∏è https://t.co/nfYj6yQRvt"
liberal,"RT @RepJayapal: We face massive health, economic, and climate challenges. To overcome them, we need bold solutions that finally meet the sc‚Ä¶"
liberal,"BUT, let us celebrate this achievement! We need the energy of celebration to keep pushing!

These rule changes are a bfd. Breaking austerity mindset + rules, esp on climate, is a major tenet of the Green New Deal.

We will learn, build, uplift &amp; advance together. üíúHappy new year"
liberal,"On one hand, I am no stranger to abusive rhetoric and know that taking knocks comes w/ being an elected official.

But as someone who prioritizes movement-building and winning, creating something joyful that people actually want to be a part of is an impt organizing principle"
liberal,"And to be üíØ% honest, it was hard during this to be targeted+marred as some sellout-enemy of the people over a late tactical disagreement over 1 floor vote.

Also a bummer to see figures excuse comments like ‚Äúf- her and f- anyone who protects her.‚Äù That‚Äôs not tone,that‚Äôs violence"
liberal,"So these rule changes are a big deal - &amp; not only on healthcare. They are structural changes in the House that level the playing field for a full SUITE of flagship legislation, locks in that field for the next two years, &amp; establishes precedents for after

This was not easy"
liberal,Jane and I send our deepest condolences to the family of Officer Brian Sicknick who died from injuries sustained protecting the Capitol.¬†Our country has paid a heavy price for the riots that took place and the rhetoric that inspired them. This must never happen again.
liberal,"Some people ask: Why would you impeach and convict a president who has only a few days left in office? The answer: Precedent. It must be made clear that no president, now or in the future, can lead an insurrection against the U.S. government."
liberal,"Now that Democrats have power, we have to be bold in a way we have not seen since FDR in the 1930s. 

The first order of business: A new COVID relief bill with $2,000 payments for every working class adult. https://t.co/1jHtqg33nN"
liberal,A number of Administration officials are resigning in protest to Trump‚Äôs horrific acts of sedition yesterday. Not good enough! The Vice President and cabinet members must invoke the 25th amendment NOW and remove Trump from office before he incites more violence and chaos.
liberal,"The man directly responsible for the chaos of today is Donald Trump, who has made it clear that he will do anything to remain in power ‚Äì including insurrection and inciting violence. Trump will go down in history as the worst and most dangerous president in history."
liberal,"Thank you to everyone who made a call, knocked a door, or made a contribution to help elect @ReverendWarnock and @ossoff. We win when we organize. We win when we build a multiracial, multigenerational coalition. We win when we make clear we‚Äôre on the side of the working class."
liberal,"With Democrats in control of the Senate, we must keep faith with the working families of this country. Promises made must be kept. That means not only the $2,000 direct payment, but an aggressive agenda that recognizes the economic desperation facing so many Americans."
liberal,"A $15 minimum wage, fighting climate change and expanding health care are at stake in today‚Äôs Senate runoffs.¬†

Phonebank with Georgia @WorkingFamilies today to win in Georgia.¬†https://t.co/Q3aMjoSkfE"
liberal,"Today is the day, Georgia. Your vote will decide which party controls the United States Senate and the direction of our country.

Polls close at 7:00 p.m. Find your polling place at https://t.co/8ttsSvUQYL. https://t.co/WFZpq9Qvjt"
liberal,Trump‚Äôs threat against the Secretary of State of Georgia is outrageous. It is the most consequential attack on American democracy in the history of our country. https://t.co/g6Krlb5Y23
liberal,"I stand in solidarity with @AlphabetWorkers who are organizing to form a union at Google. What these workers are fighting for is not radical. They want fair wages and a workplace free from abuse, retaliation, intimidation and discrimination. And that is exactly what they deserve."
liberal,"I don't often agree with Sen. Mitt Romney. But in describing the tactics of his GOP colleagues to undermine Joe Biden's victory, he is right when he says, ""I could never have imagined seeing these things in the greatest democracy in the world. Has ambition so eclipsed principle?‚Äù"
liberal,"It is a sad and tragic day for our country that 140 members of the House of Representatives, 13 senators and a defeated president are attempting to undermine American democracy and our Constitution. 

They will not succeed."
liberal,My administration will get right to work distributing emergency aid swiftly and equitably. Our focus will be on the small businesses on Main Street ‚Äî not those that are wealthy and well-connected. https://t.co/FlD8voUpcP
liberal,".@GabbyGiffords ‚Äî Your perseverance and immeasurable courage continue to inspire me and millions of others. I pledge to continue to work with you ‚Äî and with survivors, families, and advocates across the country ‚Äî to defeat the NRA and end our epidemic of gun violence. https://t.co/zN5J5YjXUM"
liberal,"Ten years ago today, in Tucson, Arizona, six innocent lives were taken away by a senseless and brutal act of violence. Jill and I remember those we lost and everyone whose lives were irreversibly changed that day ‚Äî including my friend Congresswoman @GabbyGiffords."
liberal,We need to build a new American economy where everyone enjoys a fair return for their work and an equal chance to get ahead. Tune in as I introduce members of the team that will get it done. https://t.co/PAOu57i9j5
liberal,"We need to restore the honor, the integrity, and the independence of the Department of Justice in this nation ‚Äî and this is the group that will get it done. https://t.co/Yfuys8i73V"
liberal,I‚Äôm proud to nominate Judge Merrick Garland for Attorney General of the United States. https://t.co/xBR5PAN2wH
liberal,"For the past four years, President Trump has unleashed an all-out assault on the institutions of our democracy.

Yesterday was but the culmination of that unrelenting attack. https://t.co/Mcli7mzENu"
liberal,"This team shares my belief that the middle class built this country and that unions built the middle class.

They will help us emerge from the most inequitable economic crisis in modern history by building an economy where every American is in on the deal. https://t.co/iorqb5Dxpj"
liberal,"RT @Transition46: Our jobs team‚Äôs mission is clear: execute the Build Back Better agenda.

They will work to dig us out from the worst, mos‚Ä¶"
liberal,"No one can tell me that if it had been a group of Black Lives Matter protestors yesterday that they wouldn‚Äôt have been treated very differently than the mob that stormed the Capitol. 

We all know that‚Äôs true ‚Äî and it‚Äôs unacceptable."
liberal,Merrick Garland will serve as the Attorney General of the United States ‚Äî not as my personal lawyer.
liberal,"What we witnessed yesterday was not dissent ‚Äî it was disorder. 

They weren‚Äôt protestors ‚Äî they were rioters, insurrectionists, and domestic terrorists.

I wish we could say we couldn‚Äôt see it coming, but that isn‚Äôt true. We could."
liberal,It‚Äôs time for a Department of Justice that serves the interests of the people ‚Äî not a presidency. Tune in as I introduce key nominees to lead the Department. https://t.co/8eIm9NvQS8
liberal,"Our nominees for the Justice Department will restore the independence of the Department, so it serves the interests of the people‚Äînot a presidency. They‚Äôll rebuild public trust in the rule of law and work to ensure a more fair and equitable justice system. https://t.co/MSCRAwsmaH"
liberal,"RT @Transition46: This team will work to move us closer to the American ideal of equal justice under law. 

They will work to restore indep‚Ä¶"
liberal,"Today is a reminder, a painful one, that democracy is fragile. To preserve it requires people of good will, leaders with the courage to stand up, who are devoted not to pursuit of power and personal interest at any cost, but to the common good."
liberal,"Through war and strife, America has endured much. And we will endure here and prevail now. https://t.co/OvNOV0ogWG"
liberal,"Our way is plain: It is the way of democracy ‚Äî of lawfulness, and of respect ‚Äî respect for each other, and for our nation."
liberal,America is so much better than what we‚Äôre seeing today.
liberal,I call on President Trump to go on national television now to fulfill his oath and defend the Constitution by demanding an end to this siege.
liberal,"Let me be very clear: the scenes of chaos at the Capitol do not represent who we are. What we are seeing is a small number of extremists dedicated to lawlessness. This is not dissent, it's disorder. It borders on sedition, and it must end. Now."
liberal,RT @Transition46: President-elect Biden addresses the nation: https://t.co/BXM3SZK25R
liberal,"I called Reverend Warnock and Jon Ossoff this morning to congratulate them on their hard-fought campaigns. Georgia voters delivered a resounding message yesterday: they want action on the crises we face and they want it right now. Together, we'll get it done. https://t.co/TPBEbgOwzH"
liberal,"RT @Transition46: Readout of President-elect Biden‚Äôs briefing on COVID-19 response and vaccination strategy: 

https://t.co/epetoF8NyT http‚Ä¶"
liberal,"Stay in line, Georgia. If you‚Äôre in line at your polling place by 7 PM, you can vote."
liberal,"Georgia voters: If you‚Äôre voting in the county where you‚Äôre registered, you‚Äôre entitled to ask for a provisional ballot if you‚Äôre told you aren‚Äôt on the voter rolls. Don‚Äôt leave without voting.

If you have questions, call the Voter Protection Hotline: 888-730-5816"
liberal,"Georgia ‚Äî If you elect @ReverendWarnock and @Ossoff, we can break the gridlock that has gripped Washington.

We‚Äôll be able to make the progress we need to make on jobs, health care, justice, and more.

It all comes down to today. Vote: https://t.co/RIJ1L4B5o9

üì∑: @kevloweryphoto https://t.co/FMfNZvI6gR"
liberal,"Georgia ‚Äî If you have any questions today while voting, reach out to the Voter Protection Hotline: 1-888-730-5816"
liberal,"Georgia ‚Äî The nation is looking to you to lead us forward. 

The power is in your hands: https://t.co/RIJ1L4B5o9 https://t.co/BhZ3Mcfozm"
liberal,"Go vote, Georgia!

https://t.co/RIJ1L4B5o9"
liberal,"I‚Äôm asking you to give everything you‚Äôve got for one more day ‚Äî because that one day can change America.

https://t.co/RIJ1L4B5o9 https://t.co/6RvV9Ffx04"
liberal,"In America, politicians can‚Äôt assert, take, or seize power.

It has to be given by the American people.

We can‚Äôt ever give that up. The will of the people must always prevail."
liberal,"The debate over $2,000 isn‚Äôt some abstract debate in Washington. It‚Äôs about real lives.

Hardworking Americans need help, and they need it now.

Georgia ‚Äî you have the power to make it happen. Vote. https://t.co/yFBBk1YAEm"
liberal,"With just one day to go until the Georgia Senate runoffs, I‚Äôm in Atlanta to get out the vote. Tune in. https://t.co/I4MBUj0g3o"
liberal,"One day left, folks. I‚Äôm on my way to Georgia to help send @ReverendWarnock and @Ossoff to the Senate. See you soon, Atlanta!"
liberal,"Georgia ‚Äî If you haven‚Äôt returned your absentee ballot yet, drop it off at a drop box in your county today.

If you‚Äôre voting in-person tomorrow, make your plan today.

Let‚Äôs flip the Senate: https://t.co/RIJ1L4juwB"
liberal,RT @Transition46: Statement by President-elect Biden on Nancy Pelosi‚Äôs reelection as Speaker of the House: https://t.co/m6u6BwFlRj
liberal,The Senate swearing-in ceremony was always one of my favorite parts of the job as Vice President. Congratulations to the newly minted members of the 117th Congress. I look forward to working alongside you to get this virus under control and build back better.
liberal,"With just two days to go until the Georgia Senate runoffs, @KamalaHarris is in Savannah firing up folks to get out and vote. Tune in. https://t.co/3F4wMyotcO"
liberal,"Here‚Äôs my promise to you: I‚Äôll be a president for all Americans. Whether you voted for me or not, I‚Äôll wake up every single morning and work to make your life better."
liberal,"Floyd Little and I were students at Syracuse University together. And over the years, I got to know the man behind the number. He was full of character, decency, and integrity. I will miss my friend. The entire Biden family sends our love to DeBorah and the Little family. https://t.co/OsmyvPBFvu"
liberal,"Mask up, folks."
liberal,"It‚Äôs the final weekend before the Georgia Senate runoffs, which means we have just a few days left to do everything we can to flip the Senate. If you have a few minutes, sign up to make calls and let‚Äôs get to work: https://t.co/uR93pEtK1X"
liberal,We need to provide more immediate relief for working families and businesses‚Äînow. https://t.co/609fyxwlBH
liberal,"RT @GabbyGiffords: After I was shot, I fought to regain all that I lost‚Äîfrom walking to speaking to being able to serve my country.

Now, 1‚Ä¶"
liberal,"Let‚Äôs be clear: those who run America‚Äôs small businesses aren‚Äôt just business leaders, they‚Äôre civic leaders and community leaders. They‚Äôre the ones who sponsor Little League games, scholarships, and all kinds of local causes and activities. 

We must do right by them."
liberal,A decade ago today my dear friend @GabbyGiffords was wounded in a horrific attack that took six innocent lives. Since then she‚Äôs courageously worked to keep our communities safe from gun violence. @JoeBiden and I join Gabby in this fight: let‚Äôs end this epidemic once and for all. https://t.co/JltDR7uxH6
liberal,"As we work to contain the pandemic and open our economy responsibly, we must also build back better to lift up all Americans. Tune in as @JoeBiden and I announce key nominees to our economic team. https://t.co/XB8kmdunen"
liberal,"I am proud to announce these deeply experienced public servants will be joining my team. They reflect the very best of our nation and will help to build a country that lifts up all Americans. I look forward to working alongside them each and every day. 
https://t.co/C4OJlcbg1i"
liberal,"President-elect @JoeBiden and I, along with this superb Department of Justice team, will help make sure that justice is applied equally while restoring and strengthening the rule of law that always has been‚Äîand always will be‚Äîthe bedrock of America‚Äôs democracy. https://t.co/tLKHySdCgs"
liberal,"These public servants will expand workers' rights, provide access to capital for small business owners, and invest in American innovation.

I look forward to working alongside them to build an economy that‚Äôs not only stronger but fairer for working people.
https://t.co/u6tudjzhZw"
liberal,"RT @Transition46: Our jobs team‚Äôs mission is clear: execute the Build Back Better agenda.

They will work to dig us out from the worst, mos‚Ä¶"
liberal,The challenge we‚Äôre facing in our country is about more than the actions of a few. It‚Äôs about how to transform a justice system that doesn‚Äôt work equally for all. https://t.co/w2ONQWUxjN
liberal,"For centuries, justice has been symbolized as a woman, blindfolded, a scale in her hands.

Her eyes are covered because justice shouldn‚Äôt depend on the color of your skin.

It shouldn‚Äôt depend on how much money you have.

Justice should be impartial. Our DOJ will ensure it is."
liberal,"We have witnessed two systems of justice: one that let extremists storm the U.S. Capitol yesterday, and another that released tear gas on peaceful protestors last summer. It‚Äôs simply unacceptable."
liberal,Tune in as @JoeBiden and I introduce our nominees for the Justice Department who will restore integrity and independence to the institution and ensure justice is applied equally across our country. https://t.co/Esv2jKwUHR
liberal,"Fidelity to the rule of law forms the bedrock of our democracy.

In the face of both the damage that has been done to our Justice Department and our country‚Äôs long-overdue reckoning on racial injustice, these are the right leaders to meet this moment. 
https://t.co/19zMzNROVr"
liberal,"RT @Transition46: This team will work to move us closer to the American ideal of equal justice under law. 

They will work to restore indep‚Ä¶"
liberal,"Democracy will prevail.
https://t.co/whY7hq0hPX"
liberal,The words of a President matter. https://t.co/qkDSrit9LL
liberal,"I join President-elect @JoeBiden in calling for the assault on the Capitol and our nation‚Äôs public servants to end, and as he said, ‚Äúallow the work of democracy to go forward.‚Äù"
liberal,RT @JoeBiden: Let me be very clear: the scenes of chaos at the Capitol do not represent who we are. What we are seeing is a small number of‚Ä¶
liberal,RT @Transition46: President-elect Biden addresses the nation: https://t.co/BXM3SZK25R
liberal,History made. Congratulations @ReverendWarnock and Jon @Ossoff on your hard-fought campaigns. Together we can give Americans the relief they deserve and restore America‚Äôs moral leadership around the world.
liberal,RT @JoeBiden: I called Reverend Warnock and Jon Ossoff this morning to congratulate them on their hard-fought campaigns. Georgia voters del‚Ä¶
liberal,"Georgians, if you‚Äôre in line before the polls close at 7pm ET‚Äîstay in line! If you run into any trouble casting your ballot, call the voter protection hotline at (888) 730-5816."
liberal,"I know @ReverendWarnock and @Ossoff. We‚Äôve talked about the promise of our country. How we must help Americans with $2,000 stimulus checks, ensure our children have clean air to breathe, and our small businesses can thrive. That‚Äôs who they are‚Äîand who they‚Äôll be as U.S. Senators."
liberal,"The late great John Lewis shed his blood on the Edmund Pettus Bridge for our right to vote. The forces against him were powerful, but he knew the capacity of what our country could be was a fight worth having. Georgia, mask up today and march on to the ballot box in his honor."
liberal,"Georgians, today you can decide the fate of the Senate. If you run into any trouble making your voice heard at your polling place, be sure to call the voter protection hotline at (888) 730-5816."
liberal,"RT @JoeBiden: Go vote, Georgia!

https://t.co/RIJ1L4B5o9"
liberal,"Georgia, polls are now open! Your vote is your voice, and your voice is your power. Now is the time to stand up, speak out, and vote for a better future. Go to https://t.co/FsQFse2eXb to find your polling location. 

üì∑: @kevloweryphoto https://t.co/zJbdJEUDsO"
liberal,Picking up some takeout at @FlorianaDC with @DouglasEmhoff and we had to snap a selfie in front of the 17th Street community tree. https://t.co/ZZ4KTrYybk
liberal,Tomorrow Georgia will change the course of history for people all across our country. Find your polling place at https://t.co/FsQFse2eXb. https://t.co/Pzbhzc71vT
liberal,"We won Georgia in November, and we need everyone to vote one more time so @JoeBiden and I can do the necessary work to help our nation heal and recover. Tune in as Joe rallies voters in Georgia. https://t.co/ez17fwSaXA"
liberal,A distribution plan for vaccines will be the utmost priority once @JoeBiden and I are sworn in. https://t.co/xdaSWzH90M
liberal,RT @ReverendWarnock: We‚Äôre not just voting for ourselves ‚Äî we‚Äôre voting for our children. https://t.co/nNbOv8iAKb https://t.co/XY4CACnaCv
liberal,RT @ossoff: VOTE https://t.co/N24Z50YAZi
liberal,"Georgians: If you haven‚Äôt already turned in your absentee ballot, don‚Äôt put it in the mailbox‚Äîtake it and return it to a drop box in your county now."
liberal,"When our children and grandchildren ask us where we were at this moment in time, we‚Äôre going to tell them what we did: that we didn‚Äôt stop calling and texting people, telling them what was at stake in the Georgia runoffs. https://t.co/hms7MBTG61"
liberal,"Congratulations to fellow Californian, @SpeakerPelosi, for being reelected as Speaker of the House. I look forward to working together on behalf of the American people to move our nation forward and build a brighter future for generations to come."
liberal,"I‚Äôm in Savannah, Georgia to encourage folks to get out and vote on January 5 for @ReverendWarnock and @Ossoff. Tune in now for our voter mobilization drive-in. https://t.co/jgS742Ac4n"
liberal,"See you on Instagram Live soon, @JanelleMonae! https://t.co/IMyKQnpj6N"
liberal,Leaving for Georgia soon. Let‚Äôs get @ReverendWarnock and @Ossoff over the finish line. Two days to go.
liberal,"Truly a historic day with a record number of women‚Äîand women of color‚Äîbeing sworn in to Congress. Welcome!
https://t.co/2NC9MzZsVR"
liberal,More than 3 million votes were already cast in the Georgia Senate runoffs. But the work isn‚Äôt over yet. Help us call one million voters before January 5. Sign up to phonebank today: https://t.co/JpoD1n7GFO
liberal,"Do your part to protect your neighbors this new year‚Äîwear a mask, continue to wash your hands, and practice social distancing. Better days are ahead but it will require all of us to step up."
conservative,Officer Sicknick is an American hero who gave his life defending our Capitol and this Nation will never forget or fail to honor the service and sacrifice of Officer Brian Sicknick.
conservative,"Karen and I were deeply saddened to learn of the passing of US Capitol Police Officer Brian D. Sicknick and send our deepest sympathies and prayers to his family, friends and fellow officers."
conservative,"Thank you to the incredible Capitol Hill Police Officers and every Law Enforcement Officer for keeping us safe today. Thanks to your service, the Capitol was secured and we are truly grateful. https://t.co/urDMpQBB7n"
conservative,"And we will always be grateful for the men and women who stayed at their post to defend this historic place. To those who wreaked havoc in our Capitol today, you did not win. Violence never wins. Freedom wins. And this is still the People's House. https://t.co/ytErRKnk4O"
conservative,"We condemn the violence that took place here in the strongest possible terms. We grieve the loss of life in these hallowed halls, as well as the injuries suffered by those who defended our Capitol today."
conservative,Peaceful protest is the right of every American but this attack on our Capitol will not be tolerated and those involved will be prosecuted to the fullest extent of the law.
conservative,The violence and destruction taking place at the US Capitol Must Stop and it Must Stop Now. Anyone involved must respect Law Enforcement officers and immediately leave the building.
conservative,https://t.co/8WJbv9A8Lx
conservative,"Great @WhiteHouse Coronavirus Task Force meeting today as we continue to work closely with states &amp; deliver the Coronavirus Vaccine to MILLIONS of Americans. Under President @realDonaldTrump, we developed a Safe &amp; Effective vaccine in record time. Hope &amp; Healing are on the way! https://t.co/pzeckzi9da"
conservative,"RT @GOP: It‚Äôs ELECTION DAY in GEORGIA!
 
‚¨áÔ∏èFind your polling location HERE‚¨áÔ∏è
 
https://t.co/pV7uclJ0Qf https://t.co/V9sTmc4LT2"
conservative,RT @KarenPence: Today is the day Georgia! VOTE to DEFEND THE MAJORITY! üá∫üá∏
conservative,It‚Äôs Election Day in Georgia! Get out and VOTE to DEFEND THE MAJORITY! VOTE for @Perduesenate and @KLoeffler! #HoldTheLine üá∫üá∏ https://t.co/uulmKMYYKq
conservative,"RT @GaRepublicans: ‚úÖ VOTE TODAY
‚úÖ Win Georgia
‚úÖ Save America"
conservative,"RT @KLoeffler: IT‚ÄôS ELECTION DAY, GEORGIA!

GO VOTE! https://t.co/mo1ADAnOZZ"
conservative,"RT @Perduesenate: .@realDonaldTrump: ‚ÄúTomorrow our entire nation is counting on the people of Georgia!‚Äù

GO VOTE TOMORROW, GEORGIA! #GASen‚Ä¶"
conservative,"RT @TeamTrump: President @realDonaldTrump in Georgia: To continue our mission of America First, get out and VOTE tomorrow! https://t.co/aNP‚Ä¶"
conservative,"RT @TeamTrump: President @realDonaldTrump: Tomorrow, each of you is going to vote in one of the most important runoff elections in American‚Ä¶"
conservative,"THANK YOU MILNER, GA! In one more day, we need you to HOLD THE LINE! We need people of Faith in this great state to take stand for two leaders who will support Life, Faith, and Freedom! We need you to VOTE for @Perduesenate and @KLoeffler! üá∫üá∏ https://t.co/QSdC7ENeSl"
conservative,RT @AustinScott4GA: Great to travel with Vice President @Mike_Pence this morning to fire up Georgians to turn out to vote in tomorrow‚Äôs run‚Ä¶
conservative,"We need to Keep America Great‚Äîthat‚Äôs what‚Äôs on the line. To preserve the progress that we've made, to protect our values and our liberties, we need you to VOTE, Georgia. Vote to send @Perduesenate and @KLoeffler back to Washington! #DefendTheMajority https://t.co/fEBKk119N2"
conservative,"If GA steps up to #HoldTheLine, if you vote to send @Perduesenate &amp; @KLoeffler back to the Senate &amp; if we stand with President @realDonaldTrump, with the support of the people across this state, &amp; with God‚Äôs help, we‚Äôre going to keep on Winning! https://t.co/lwhszhYCQF"
conservative,RT @cspan: Vice President @Mike_Pence remarks at Georgia Faith Event - LIVE on C-SPAN2 https://t.co/9W8ci9LgmF #GASen https://t.co/W4g0QbYp‚Ä¶
conservative,"RT @Perduesenate: Thank you, @Mike_Pence. Welcome back to Georgia!"
conservative,"RT @GOP: It‚Äôs ALMOST Election Day in Georgia! 
 
Make your voting plan now‚¨áÔ∏è
 
https://t.co/pV7uclJ0Qf https://t.co/z20RI4Tk2p"
conservative,Just landed in Georgia! We need you to VOTE to send @Perduesenate and @KLoeffler back to a REPUBLICAN MAJORITY in the United States Senate!
conservative,"RT @KLoeffler: ONE DAY to go. 

Find your polling location, make a plan, and GO VOTE TOMORROW! #gapol #gasen"
conservative,"Wheels up to Georgia! We must DEFEND THE MAJORITY and send @Perduesenate and @KLoeffler back to the Senate!

RSVP to join our Georgia Faith Community Call to Action: https://t.co/nXE7q199jW"
conservative,"RT @GaRepublicans: Welcome back to Georgia, @VP Mike Pence!

RSVP here now: https://t.co/0cajeQd60t https://t.co/inKMBjxsSA"
conservative,"Let‚Äôs DEFEND THE MAJORITY! 

RSVP to join us this Monday in Milner, Georgia! https://t.co/nXE7q199jW"
conservative,"RT @GaRepublicans: üö®üö®üö®üö®
Vice President @Mike_Pence
is heading back to Georgia on Monday to support @KLoeffler, @Perduesenate, and @BubbaPSC‚Ä¶"
conservative,"RT @GOPChairwoman: Tuesday is Election Day in Georgia.

Vote for @KLoeffler and @Perduesenate to help #HoldTheLine in the Senate!
https://t‚Ä¶"
conservative,"Given that this is being investigated by the Metropolitan Police Department's Homicide Branch, the United States Capitol Police and their federal partners, I hope the perpetrator who claimed Officer Sicknick's life is brought to justice."
conservative,"Heartbroken by the death of Officer Brian Sicknick in the line of duty‚Äîprotecting the Capitol and all of us inside. I join my colleagues and our entire Capitol Hill community in mourning this needless and tragic loss, and I pray for comfort for his loved ones and fellow officers."
conservative,"Deep thanks to the frontline men &amp; women of the @CapitolPolice, @FBI, @SecretService, other law enforcement &amp; @NationalGuard who performed their missions today with an immense amount of professionalism &amp; bravery. Grateful to you for keeping us safe every day, &amp; especially today."
conservative,"We must not be intimidated or prevented from fulfilling our constitutional duty. I urge my colleagues to move forward with completing the electoral count, to refrain from further objections, and to unanimously affirm the legitimacy of the presidential election."
conservative,"The best way we can show respect for the voters who are upset is by telling them the truth. That is the burden, and the duty, of leadership."
conservative,"Those who choose to continue to support his dangerous gambit by objecting to the results of a legitimate, democratic election will forever be seen as being complicit in an unprecedented attack against our democracy."
conservative,"What happened at the U.S. Capitol today was an insurrection, incited by the President of the United States. https://t.co/NojKm86sZ2"
conservative,"Congratulations to @SpencerJCox and @DeidreHenderson on being sworn in as Utah‚Äôs Governor and Lt. Governor! Looking forward to working with you both in the coming years to advance Utah priorities here in Washington. https://t.co/qnQQuw8ZNO"
conservative,"Today marks 125 years of Utah statehood. Happy birthday to my beloved Utah! https://t.co/3GNBBOAwT1"
conservative,"Further attempts to cast doubt on the legitimacy of the 2020 Presidential election are contrary to the clearly expressed will of the American people. Congress must now fulfill its responsibility to certify the election results. It is time to move forward. https://t.co/tDhA5PvccM"
conservative,"The egregious ploy to reject electors may enhance the political ambition of some, but dangerously threatens our Democratic Republic. https://t.co/jKEvoXskbl"
conservative,"To all of those who have asked, I will not be going to the Inauguration on January 20th."
conservative,"The 75,000,000 great American Patriots who voted for me, AMERICA FIRST, and MAKE AMERICA GREAT AGAIN, will have a GIANT VOICE long into the future. They will not be disrespected or treated unfairly in any way, shape or form!!!"
conservative,https://t.co/csX07ZVWGe
conservative,These are the things and events that happen when a sacred landslide election victory is so unceremoniously &amp; viciously stripped away from great patriots who have been badly &amp; unfairly treated for so long. Go home with love &amp; in peace. Remember this day forever!
conservative,https://t.co/Pm2PKV0Fp3
conservative,"I am asking for everyone at the U.S. Capitol to remain peaceful. No violence! Remember, WE are the Party of Law &amp; Order ‚Äì respect the Law and our great men and women in Blue. Thank you!"
conservative,Please support our Capitol Police and Law Enforcement. They are truly on the side of our Country. Stay peaceful!
conservative,"Mike Pence didn‚Äôt have the courage to do what should have been done to protect our Country and our Constitution, giving States a chance to certify a corrected set of facts, not the fraudulent or inaccurate ones which they were asked to previously certify. USA demands the truth!"
conservative,https://t.co/izItBeFE6G
conservative,These scoundrels are only toying with the @sendavidperdue (a great guy) vote. Just didn‚Äôt want to announce quite yet. They‚Äôve got as many ballots as are necessary. Rigged Election!
conservative,Even Mexico uses Voter I.D.
conservative,The States want to redo their votes. They found out they voted on a FRAUD. Legislatures never approved. Let them do it. BE STRONG!
conservative,"They just happened to find 50,000 ballots late last night. The USA is embarrassed by fools. Our Election Process is worse than that of third world countries!"
conservative,"THE REPUBLICAN PARTY AND, MORE IMPORTANTLY, OUR COUNTRY, NEEDS THE PRESIDENCY MORE THAN EVER BEFORE - THE POWER OF THE VETO. STAY STRONG!"
conservative,"States want to correct their votes, which they now know were based on irregularities and fraud, plus corrupt process never received legislative approval.  All Mike Pence has to do is send them back to the States, AND WE WIN. Do it Mike, this is a time for extreme courage!"
conservative,Sleepy Eyes Chuck Todd is so happy with the fake voter tabulation process that he can‚Äôt even get the words out straight. Sad to watch!
conservative,"If Vice President @Mike_Pence comes through for us, we will win the Presidency. Many States want to decertify the mistake they made in certifying incorrect &amp; even fraudulent numbers in a process  NOT approved by their State Legislatures (which it must be). Mike can send it back!"
conservative,RT @DanScavino: üîäWOW! We hear you from the West Wing‚ÄîTHANK YOU‚ù§Ô∏èüá∫üá∏ü¶Ö https://t.co/onytmaJUhp
conservative,RT @christina_bobb: Pennsylvania is going to Trump.  The legislators have spoken.
conservative,Get smart Republicans. FIGHT! https://t.co/3fs1oPVnAx
conservative,RT @TomiLahren: I wonder when the water main is gonna burst in Georgia....
conservative,RT @TomiLahren: Democrats scrounging up votes from mystical places again....
conservative,RT @TomiLahren: The steal is in the making in Georgia. Wait for it.
conservative,"RT @kayleighmcenany: Why are they stopping the vote count in Democrat Chatham county, Georgia?

This sounds familiar! ü§®"
conservative,Just happened to have found another 4000 ballots from Fulton County. Here we go!
conservative,Looks like they are setting up a big ‚Äúvoter dump‚Äù against the Republican candidates. Waiting to see how many votes they need?
conservative,BIG NEWS IN PENNSYLVANIA! https://t.co/7JqTWYUgOr
conservative,"RT @Jim_Jordan: For nine weeks, Democrats have been afraid to have a real debate on election integrity. 

Why? https://t.co/n3hcoOi4rS"
conservative,I will be speaking at the SAVE AMERICA RALLY tomorrow on the Ellipse at 11AM Eastern. Arrive early ‚Äî doors open at 7AM Eastern. BIG CROWDS! https://t.co/k4blXESc0c
conservative,"Antifa is a Terrorist Organization, stay out of Washington. Law enforcement is watching you very closely! @DeptofDefense @TheJusticeDept @DHSgov @DHS_Wolf @SecBernhardt @SecretService @FBI"
conservative,"I hope the Democrats, and even more importantly, the weak and ineffective RINO section of the Republican Party, are looking at the thousands of people pouring into D.C. They won‚Äôt stand for a landslide election victory to be stolen. @senatemajldr @JohnCornyn @SenJohnThune"
conservative,"Washington is being inundated with people who don‚Äôt want to see an election victory stolen by emboldened Radical Left Democrats. Our Country has had enough, they won‚Äôt take it anymore! We hear you (and love you) from the Oval Office. MAKE AMERICA GREAT AGAIN!"
conservative,GEORGIA! Get out today and VOTE for @KLoeffler and @Perduesenate! https://t.co/YKiSx7d7lp
conservative,"RT @jmclghln: @realDonaldTrump voters across the USA if you have friends or family in Georgia call, text, Facebook, Instagram and email the‚Ä¶"
conservative,"Reports are coming out of the 12th Congressional District of Georgia that Dominion Machines are not working in certain Republican Strongholds for over an hour. Ballots are being left in lock boxes, hopefully they count them. Thank you Congressman @RickAllen!"
conservative,"RT @Perduesenate: Thank you, @realDonaldTrump. Go vote, Georgia!"
conservative,"RT @KLoeffler: Georgia, we have a job to do TODAY.¬†

We have to STOP socialism.¬†

We have to PROTECT the American Dream.¬†

We have to SAVE‚Ä¶"
conservative,"RT @KLoeffler: It‚Äôs lunchtime. Have you voted yet? 

If you haven‚Äôt ‚Äî GO VOTE and bring 10 people know! 

If you have ‚Äî call your family, f‚Ä¶"
conservative,RT @Perduesenate: The Trump family is right ‚Äî we need YOU to get out and vote today to defend our majority and defend America! #GASen #gapo‚Ä¶
conservative,The Vice President has the power to reject fraudulently chosen electors.
conservative,See you in D.C. https://t.co/ti4bChnPKz
conservative,"Georgia, get out and VOTE for two great Senators, @KLoeffler and @sendavidperdue. So important to do so!"
conservative,"Pleased to announce that @KLoeffler &amp; @sendavidperdue have just joined our great #StopTheSteal group of Senators. They will fight the ridiculous Electoral College Certification of Biden. How do you certify numbers that have now proven to be wrong and, in many cases, fraudulent!"
conservative,https://t.co/tJkmEhSqY5
conservative,https://t.co/X0CIj5dFlV
conservative,https://t.co/zkFfhX0hOQ
conservative,https://t.co/gWj2obEKm8
conservative,https://t.co/9fRvjIgqKE
conservative,"On my way, see you soon! https://t.co/7QW23k5b9r"
conservative,https://t.co/3LNZWTO8NY
conservative,Heading to Georgia now. See you soon!
conservative,"The ‚ÄúSurrender Caucus‚Äù within the Republican Party will go down in infamy as weak and ineffective ‚Äúguardians‚Äù of our Nation, who were willing to accept the certification of fraudulent presidential numbers!"
conservative,"‚ÄúWe are not acting to thwart the Democratic process, we are acting to protect it.‚Äù @SenRonJohnson"
conservative,"‚ÄúWe‚Äôve seen in the last few months, unprecedented amounts of Voter Fraud.‚Äù @SenTedCruz  True!"
conservative,"How can you certify an election when the numbers being certified are verifiably WRONG. You will see the real numbers tonight during my speech, but especially on JANUARY 6th. @SenTomCotton Republicans have pluses &amp; minuses, but one thing is sure, THEY NEVER FORGET!"
conservative,RT @realDonaldTrump: I will be there. Historic day!
conservative,https://t.co/PXNO26lpoZ
conservative,https://t.co/2rLJfoKmSS
conservative,https://t.co/tuGfzK3QPE
conservative,https://t.co/JEzkcjgLSy
conservative,https://t.co/NmdLNsfDU2
conservative,https://t.co/dN2P40kJLW
conservative,"Sorry, but the number of votes in the Swing States that we are talking about is VERY LARGE and totally OUTCOME DETERMINATIVE! Only the Democrats and some RINO‚ÄôS would dare dispute this - even though they know it is true!"
conservative,....@SenTedCruz @HawleyMO @Jim_Jordan @senatemajldr @GOPLeader &amp; THE WORLD!
conservative,"The Swing States did not even come close to following the dictates of their State Legislatures. These States  ‚Äúelection laws‚Äù were made up by local judges &amp; politicians, not by their Legislatures, &amp; are therefore, before even getting to irregularities &amp; fraud, UNCONSTITUTIONAL!"
conservative,Trump Speaks to State Legislators on Call About Decertifying Election https://t.co/z6BgCAe3zX via @BreitbartNews
conservative,https://t.co/FDUVk8cm9S
conservative,"RT @AmyKremer: We are excited to announce the site of our January 6th event will be The Ellipse in the President‚Äôs Park, just steps from th‚Ä¶"
conservative,"RT @LizWillis_: Arkansas, you were üî•!
Next stop: Cape Girardeau, Mo.

@america1stwomen Bus Tour Livestream provided by @RSBNetwork.

#JAN6‚Ä¶"
conservative,"RT @AmyKremer: Why are my own #GA Senators ‚Å¶@KLoeffler‚Å© &amp; ‚Å¶@Perduesenate‚Å© not supporting this effort?

‚Å¶@SenatorLoeffler‚Å© ‚Å¶@sendavidperdue‚Å©‚Ä¶"
conservative,RT @AmyKremer: Leaders!
conservative,I will be there. Historic day! https://t.co/k6LStsWpfy
conservative,RT @AmyKremer: ‚ù§Ô∏è My President
conservative,RT @AmyKremer: They only had 5 people RSVP and Hunter wasn‚Äôt one of them...
conservative,RT @AmyKremer: The #MarchForTrump bus has gone to more states than Joe Biden has supporters!
conservative,Great! https://t.co/f0nKNPgqWg
conservative,RT @realMikeLindell: I am honored to be invited to speak at the biggest event in DC history! @realDonaldTrump will be our President for the‚Ä¶
conservative,"RT @AmyKremer: The #MarchForTrump bus rolls into Bowling Green today at 12 noon.

Senator @RandPaul, come join us &amp; pledge to contest the e‚Ä¶"
conservative,RT @SidneyPowell1: This ‚Äúelection‚Äù was stolen from the voters in a massive fraud that you &amp; others are now complicit in. American elections‚Ä¶
conservative,RT @TheRISEofROD: We The People Refuse To Concede To A Fraudulent Election!!
conservative,RT @SecPompeo: https://t.co/UvigQGjEsU
conservative,"RT @BurgessOwens: If you only do what's easy, you will seldom do what's right."
conservative,"RT @CodeMonkeyZ: 42 U.S.C. 1974
Retention and preservation of records and papers by officers of elections; deposit with custodian; penalty‚Ä¶"
conservative,RT @CodeMonkeyZ: Hillary canceled her fireworks show a few days before the 2016 General Election.
conservative,"RT @CodeMonkeyZ: If you are planning to attend peaceful protests in DC on the 6th, i recommend wearing a body camera. 
The more video angle‚Ä¶"
conservative,RT @CodeMonkeyZ: More interesting is that he suggests the inauguration date of January 20 can be extended.
conservative,"RT @EvanAKilgore: There's a difference between not having the evidence and not hearing the evidence.

Pass it on."
conservative,RT @JenLawrence21: We have been marching all around the country for you Mr President. Now we will bring it to DC on Jan 6 and PROUDLY stand‚Ä¶
conservative,"Something how Dr. Fauci is revered by the LameStream Media as such a great professional, having done, they say, such an incredible job, yet he works for me and the Trump Administration, and I am in no way given any credit for my work. Gee, could this just be more Fake News?"
conservative,"‚ÄúGeorgia election data, just revealed, shows that over 17,000 votes illegally flipped from Trump to Biden.‚Äù @OANN  This alone (there are many other irregularities) is enough to easily ‚Äúswing Georgia to Trump‚Äù. #StopTheSteal  @HawleyMO @SenTedCruz @Jim_Jordan"
conservative,"I spoke to Secretary of State Brad Raffensperger yesterday about Fulton County and voter fraud in Georgia. He was unwilling, or unable, to answer questions such as the ‚Äúballots under table‚Äù scam, ballot destruction, out of state ‚Äúvoters‚Äù, dead voters, and more. He has no clue!"
conservative,"Republicans in Georgia must be careful of the political corruption in Fulton County, which is rampant. The Governor, @BrianKempGA, and his puppet Lt. Governor, @GeoffDuncanGA, have done less than nothing. They are a disgrace to the great people of Georgia!"
conservative,"The number of cases and deaths of the China Virus is far exaggerated in the United States because of @CDCgov‚Äôs ridiculous method of determination compared to other countries, many of whom report, purposely, very inaccurately and low. ‚ÄúWhen in doubt, call it Covid.‚Äù Fake News!"
conservative,The vaccines are being delivered to the states by the Federal Government far faster than they can be administered!
conservative,"RT @EpochTimes: ‚ÄúThey fear for their safety and the safety of their families in this hyper-political climate.‚Äù

A #Michigan attorney in the‚Ä¶"
conservative,RT @axios: SCOOP: A  growing number of Republican senators ‚Äî led by Ted Cruz ‚Äî are set to announce today they also will object to certifyin‚Ä¶
conservative,RT @realDonaldTrump: https://t.co/nslWcFwkCj
conservative,GOP Senators Join Hawley in Objecting to Electoral College Votes https://t.co/f0JHfN4UUb via @BreitbartNews
conservative,https://t.co/moYUIcRq56
conservative,https://t.co/JLq7hHI42o
conservative,RT @alaynatreene: NEW: A growing number of Republican senators ‚Äî led by Ted Cruz ‚Äî are set to announce today they also will object to certi‚Ä¶
conservative,"RT @SenatorLankford: Today, I am joining a group of Senators to propose an election commission to resolve the electoral issues. You can vie‚Ä¶"
conservative,https://t.co/nslWcFwkCj
conservative,RT @realDonaldTrump: https://t.co/t6nWHJjJAN
conservative,RT @HawleyMO: Glad to see more Senators joining the fight on #JAN6. I hope many more will listen to their constituents and act
conservative,So true. Thanks Josh! https://t.co/lacUQC6IHh
conservative,An attempt to steal a landslide win. Can‚Äôt let it happen! https://t.co/sKn4iTjUy0
conservative,"RT @FoxNews: BREAKING: A coalition of GOP senators and senators-elect, led by Sen. Ted Cruz, will object to the Jan. 6 certification of the‚Ä¶"
conservative,"RT @marklevinshow: Congratulations to Ted Cruz and these Senate colleagues for stepping up against the mob!
https://t.co/0xEMT8gzdY"
conservative,"...And after they see the facts, plenty more to come...Our Country will love them for it! #StopTheSteal https://t.co/0IdbiACLIb"
conservative,"Wow, I guess it‚Äôs not good to go against a President who everyone in Georgia knows got you into office! https://t.co/4xUNdOncoB"
conservative,".@senatemajldr Mitch M, and all! https://t.co/zLIEKzfpFv"
conservative,"RT @gehrig38: You know that sound when a sheet of glass begins to shatter, but slowly? That first hard CRACK!!! Then it spiders out? Listen‚Ä¶"
conservative,Civil War: Tucker Carlson Hits His Own Network in Epic Post-Election Monologue https://t.co/xUSQQWCa8q
conservative,"RT @BernardKerik: Listen to @JovanHPulitzer, and then ask yourself where is the @FBI? https://t.co/Y3twbw4bQ5"
conservative,"RT @SecPompeo: We never, ever paid to get our people home. Appeasement invites more hostage-taking. We restored America's credibility. No m‚Ä¶"
conservative,"Why haven‚Äôt they done signature verification in Fulton County, Georgia. Why haven‚Äôt they deducted all of the dead people who ‚Äúvoted‚Äù, illegals who voted, non Georgia residents who voted, and tens of thousands of others who voted illegally, from the final vote tally?"
conservative,"....Just a small portion of these votes give US a big and conclusive win in Georgia. Have they illegally destroyed ballots in Fulton County? After many weeks, we don‚Äôt yet even have a judge to hear this large scale voter fraud case. The only judge seems to be Stacey‚Äôs sister!"
conservative,MAKE AMERICA GREAT AGAIN!
conservative,"Will be in Georgia on Monday night, 9:00 P.M. to RALLY for two GREAT people, @sendavidperdue &amp; @KLoeffler. GET READY TO VOTE ON TUESDAY!!!"
conservative,"TRANSPARENCY in medical pricing will be one of the biggest and most important things done for the American citizen. It was just put into service, January 1, against long odds and bitter opposition. Final lawsuits won last week. Enjoy all the extra money you will have!"
conservative,"For historical purposes remember, I was able to get rid of the INDIVIDUAL MANDATE, the most unpopular and expensive part of ObamaCare. You are no longer forced to pay a fortune for the ‚Äúprivilege‚Äù of NOT getting bad healthcare. This ended ObamaCare as we knew it. Thank you!"
conservative,https://t.co/t6nWHJjJAN
conservative,RT @realDonaldTrump: https://t.co/FDUVk8cm9S
conservative,RT @realDonaldTrump: https://t.co/7YHKqgjAub
conservative,Some States are very slow to inoculate recipients despite successful and very large scale distribution of vaccines by the Federal Government. They will get it done!
conservative,"Because of the Trump Administration, hospitals are now required, effective immediately, to publish their REAL PRICES, which will create competition and drive downs costs MASSIVELY. Won lawsuit last week. Bigger than healthcare, it‚Äôs called PRICE TRANSPARENCY...."
conservative,....Please remember who got it done!!!
